taxon_id,sci_name,cn_name,image_path,image_url,author,license,license_url,page_url,status
6550,Aaptos aaptos,远隔疏海绵,images/00/00/00006550.webp,https://thumb.wikimedia.org/wikipedia/commons/thumb/e/e1/Aaptamine.svg/960px-Aaptamine.svg.png?utm_source=en.wikipedia.org&utm_campaign=api&utm_content=thumbnail,User:Innerstream,Public domain,,https://en.wikipedia.org/wiki/File:Aaptamine.svg,ok
10642,Abacarus adinandrae,,,,,,,,no_image
10538,Abacarus aralioidus,,,,,,,,no_image
10263,Abacarus arunis,,,,,,,,no_image
10067,Abacarus bambusae,,,,,,,,no_image
10431,Abacarus dimocarpi,,,,,,,,no_image
10555,Abacarus diospyris,,,,,,,,no_image
10013,Abacarus ellipticae,,,,,,,,no_image
10639,Abacarus emarginatus,,,,,,,,no_image
10251,Abacarus eminens,,,,,,,,no_image
10656,Abacarus euphoriae,,,,,,,,no_image
10214,Abacarus floridulus,,,,,,,,no_image
10152,Abacarus fopingi,,,,,,,,no_image
10395,Abacarus inversus,,,,,,,,no_image
10583,Abacarus jiuhuaensis,,,,,,,,no_image
10483,Abacarus machihts,,,,,,,,no_image
9946,Abacarus oplismeni,,,,,,,,no_image
10536,Abacarus panici,,,,,,,,no_image
10287,Abacarus panticis,,,,,,,,no_image
9990,Abacarus phalaris,,,,,,,,no_image
10636,Abacarus phyllostachyis,,,,,,,,no_image
10311,Abacarus romentosus,,,,,,,,no_image
10494,Abacarus rotundus,,,,,,,,no_image
10411,Abacarus sacchari,,,https://upload.wikimedia.org/wikipedia/commons/2/2a/FreeImagefromCSIROEnto_AustralianInsectCommonNames_Abacarus-hystrix.jpg?utm_source=en.wikipedia.org&utm_campaign=api&utm_content=thumbnail_unscaled,Unknown authorUnknown author,Public domain,,https://en.wikipedia.org/wiki/File:FreeImagefromCSIROEnto_AustralianInsectCommonNames_Abacarus-hystrix.jpg,download_failed
10226,Abacarus semicirculus,,,,,,,,no_image
10523,Abacarus similisagitta,,,,,,,,no_image
10310,Abacarus virosae,,,,,,,,no_image
10443,Abacarus wuyiensis,,,,,,,,no_image
10084,Abacarus yunensis,,,,,,,,no_image
10509,Abacarus zuihoensus,,,,,,,,no_image
19435,Abacoclytus felicisrosettae,,,,,,,,no_image
19436,Abacoclytus ventripennis,,,,,,,,no_image
9437,Abalakeus bambusoe,,,,,,,,no_image
72467,Abalistes stellaris,星点宽尾鳞鲀,,https://upload.wikimedia.org/wikipedia/commons/1/11/Abalistes_stellatus.jpg?utm_source=en.wikipedia.org&utm_campaign=api&utm_content=thumbnail_unscaled,Jean-Lou Justine,CC BY-SA 3.0,https://creativecommons.org/licenses/by-sa/3.0,https://en.wikipedia.org/wiki/File:Abalistes_stellatus.jpg,download_failed
72468,Abalistes stellatus,宽尾鳞鲀,,https://upload.wikimedia.org/wikipedia/commons/1/11/Abalistes_stellatus.jpg?utm_source=en.wikipedia.org&utm_campaign=api&utm_content=thumbnail_unscaled,Jean-Lou Justine,CC BY-SA 3.0,https://creativecommons.org/licenses/by-sa/3.0,https://en.wikipedia.org/wiki/File:Abalistes_stellatus.jpg,download_failed
5914,Abathescalpellum fissum,裂口弱铠茗荷,,,,,,,no_image
5922,Abathescalpellum koreanum,朝鲜弱铠茗荷,,,,,,,no_image
19437,Abaxisotima acuminata,尖叶远素螽,,,,,,,no_image
19438,Abaxisotima bicolor,双色远素螽,,,,,,,no_image
19439,Abaxisotima brevifissa,短裂远素螽,,,,,,,no_image
19440,Abaxisotima furca,岐尾远素螽,,,,,,,no_image
19441,Abaxisotima multipunctata,多点远素螽,,,,,,,no_image
72469,Abbottina liaoningensis,辽宁棒花鱼,,,,,,,no_image
72470,Abbottina obtusirostris,钝吻棒花鱼,,,,,,,no_image
72471,Abbottina rivularis,棒花鱼,images/00/07/00072471.webp,https://thumb.wikimedia.org/wikipedia/commons/thumb/4/4a/Abbottina_rivularis_by_OpenCage.jpg/960px-Abbottina_rivularis_by_OpenCage.jpg?utm_source=en.wikipedia.org&utm_campaign=api&utm_content=thumbnail,,CC BY-SA 2.5,https://creativecommons.org/licenses/by-sa/2.5,https://en.wikipedia.org/wiki/File:Abbottina_rivularis_by_OpenCage.jpg,ok
6164,Abderospira punctulata,凹点无塔螺,,,,,,,no_image
6161,Abderospira umbilicata,脐无塔螺,,,,,,,no_image
11871,Abdosetae digitata,指状腹毛蛛,,,,,,,no_image
11898,Abdosetae falcata,镰刀腹毛蛛,,,,,,,no_image
11839,Abdosetae hainan,海南腹毛蛛,,,,,,,no_image
11916,Abdosetae hamata,钩状腹毛蛛,,,,,,,no_image
1517,Abelbolla boucheri,布氏无管球线虫,,,,,,,no_image
1516,Abelbolla huanghaiensis,黄海无管球线虫,,,,,,,no_image
1511,Abelbolla warwicki,瓦氏无管球线虫,,,,,,,no_image
83184,Abelia chinensis,糯米条,,https://upload.wikimedia.org/wikipedia/commons/e/eb/Abelia_chinensis2.jpg?utm_source=en.wikipedia.org&utm_campaign=api&utm_content=thumbnail_unscaled,Kurt Stüber [1],CC BY-SA 3.0,http://creativecommons.org/licenses/by-sa/3.0/,https://en.wikipedia.org/wiki/File:Abelia_chinensis2.jpg,download_failed
83185,Abelia forrestii,细瘦糯米条,,,,,,,no_image
83186,Abelia macrotera,二翅糯米条,,,,,,,no_image
83187,Abelia uniflora,蓪梗花,,,,,,,no_image
83183,Abelia ×,大花糯米条,,,,,,,no_image
83188,Abelmoschus crinitus,长毛黄葵,images/00/08/00083188.webp,https://thumb.wikimedia.org/wikipedia/commons/thumb/b/b5/Hibiscus_racemosus_Bot._Reg._11._917.1825.jpg/960px-Hibiscus_racemosus_Bot._Reg._11._917.1825.jpg?utm_source=en.wikipedia.org&utm_campaign=api&utm_content=thumbnail,Lindley,Public domain,,https://en.wikipedia.org/wiki/File:Hibiscus_racemosus_Bot._Reg._11._917.1825.jpg,ok
83189,Abelmoschus esculentus,咖啡黄葵,images/00/08/00083189.webp,https://thumb.wikimedia.org/wikipedia/commons/thumb/9/95/Hong_Kong_Okra_Aug_25_2012.JPG/960px-Hong_Kong_Okra_Aug_25_2012.JPG?utm_source=en.wikipedia.org&utm_campaign=api&utm_content=thumbnail,Earth100,CC BY-SA 3.0,https://creativecommons.org/licenses/by-sa/3.0,https://en.wikipedia.org/wiki/File:Hong_Kong_Okra_Aug_25_2012.JPG,ok
83190,Abelmoschus manihot,黄蜀葵,,https://upload.wikimedia.org/wikipedia/commons/6/6b/Abelmoschus_manihot_ssp_tetraphyllus_W_IMG_2157.jpg?utm_source=en.wikipedia.org&utm_campaign=api&utm_content=thumbnail_unscaled,J.M.Garg,CC BY 3.0,https://creativecommons.org/licenses/by/3.0,https://en.wikipedia.org/wiki/File:Abelmoschus_manihot_ssp_tetraphyllus_W_IMG_2157.jpg,download_failed
83193,Abelmoschus moschatus,黄葵,images/00/08/00083193.webp,https://thumb.wikimedia.org/wikipedia/commons/thumb/8/86/Abelmoschus_moschatus_Blanco2.245.png/960px-Abelmoschus_moschatus_Blanco2.245.png?utm_source=en.wikipedia.org&utm_campaign=api&utm_content=thumbnail,Francisco Manuel Blanco (O.S.A.),Public domain,,https://en.wikipedia.org/wiki/File:Abelmoschus_moschatus_Blanco2.245.png,ok
83194,Abelmoschus muliensis,木里秋葵,,,,,,,no_image
83195,Abelmoschus sagittifolius,箭叶秋葵,,,,,,,no_image
10053,Aberoptus championus,,,,,,,,no_image
10115,Aberoptus integritas,,,,,,,,no_image
83196,Abies beshanzuensis,百山祖冷杉,images/00/08/00083196.webp,https://thumb.wikimedia.org/wikipedia/commons/thumb/4/4c/Abies_beshanzuensis_distribution_map.svg/960px-Abies_beshanzuensis_distribution_map.svg.png?utm_source=en.wikipedia.org&utm_campaign=api&utm_content=thumbnail,"Map: Sémhur
UICN Assessors: Conifer Specialist Group",CC BY-SA 4.0,https://creativecommons.org/licenses/by-sa/4.0,https://en.wikipedia.org/wiki/File:Abies_beshanzuensis_distribution_map.svg,ok
83197,Abies chayuensis,察隅冷杉,,,,,,,no_image
83198,Abies chensiensis,秦岭冷杉,images/00/08/00083198.webp,https://thumb.wikimedia.org/wikipedia/commons/thumb/6/6a/Abies_chensiensis_-_Botanischer_Garten_Freiburg_-_DSC06478.jpg/960px-Abies_chensiensis_-_Botanischer_Garten_Freiburg_-_DSC06478.jpg?utm_source=en.wikipedia.org&utm_campaign=api&utm_content=thumbnail,Daderot,CC0,http://creativecommons.org/publicdomain/zero/1.0/deed.en,https://en.wikipedia.org/wiki/File:Abies_chensiensis_-_Botanischer_Garten_Freiburg_-_DSC06478.jpg,ok
83200,Abies delavayi,苍山冷杉,images/00/08/00083200.webp,https://thumb.wikimedia.org/wikipedia/commons/thumb/1/1e/Abies_delavayi_Cangshan1.jpg/960px-Abies_delavayi_Cangshan1.jpg?utm_source=en.wikipedia.org&utm_campaign=api&utm_content=thumbnail,SarahDepper on Flickr,CC BY 2.0,https://creativecommons.org/licenses/by/2.0,https://en.wikipedia.org/wiki/File:Abies_delavayi_Cangshan1.jpg,ok
83203,Abies densa,锡金冷杉,images/00/08/00083203.webp,https://thumb.wikimedia.org/wikipedia/commons/thumb/f/f2/Abies_densa_Wangdicholing_Palace.jpg/960px-Abies_densa_Wangdicholing_Palace.jpg?utm_source=en.wikipedia.org&utm_campaign=api&utm_content=thumbnail,"Wangdicholing_Palace_Bhutan.jpg: Andrea Williams from Toronto, Canada
derivative work: MPF (talk)",CC BY-SA 2.0,https://creativecommons.org/licenses/by-sa/2.0,https://en.wikipedia.org/wiki/File:Abies_densa_Wangdicholing_Palace.jpg,ok
83204,Abies ernestii,黄果冷杉,images/00/08/00083204.webp,https://thumb.wikimedia.org/wikipedia/commons/thumb/6/6a/Abies_chensiensis_-_Botanischer_Garten_Freiburg_-_DSC06478.jpg/960px-Abies_chensiensis_-_Botanischer_Garten_Freiburg_-_DSC06478.jpg?utm_source=en.wikipedia.org&utm_campaign=api&utm_content=thumbnail,Daderot,CC0,http://creativecommons.org/publicdomain/zero/1.0/deed.en,https://en.wikipedia.org/wiki/File:Abies_chensiensis_-_Botanischer_Garten_Freiburg_-_DSC06478.jpg,ok
83207,Abies fabri,冷杉,images/00/08/00083207.webp,https://thumb.wikimedia.org/wikipedia/commons/thumb/7/79/Abies_fabri_trunk.jpg/960px-Abies_fabri_trunk.jpg?utm_source=en.wikipedia.org&utm_campaign=api&utm_content=thumbnail,Lukas on Flickr,CC BY 2.0,https://creativecommons.org/licenses/by/2.0,https://en.wikipedia.org/wiki/File:Abies_fabri_trunk.jpg,ok
83210,Abies fanjingshanensis,梵净山冷杉,,,,,,,no_image
83211,Abies fargesii,巴山冷杉,images/00/08/00083211.webp,https://thumb.wikimedia.org/wikipedia/commons/thumb/a/af/Abies_fargesii_Jiuzhaigou.jpg/960px-Abies_fargesii_Jiuzhaigou.jpg?utm_source=en.wikipedia.org&utm_campaign=api&utm_content=thumbnail,HK James Ho on Flickr,CC BY-SA 2.0,https://creativecommons.org/licenses/by-sa/2.0,https://en.wikipedia.org/wiki/File:Abies_fargesii_Jiuzhaigou.jpg,ok
83215,Abies ferreana,中甸冷杉,,,,,,,no_image
83218,Abies firma,日本冷杉,,https://upload.wikimedia.org/wikipedia/commons/2/2f/Abies_firma.JPG?utm_source=en.wikipedia.org&utm_campaign=api&utm_content=thumbnail_unscaled,No machine-readable author provided. Inti-sol~commonswiki assumed (based on copyright claims).,CC BY-SA 3.0,http://creativecommons.org/licenses/by-sa/3.0/,https://en.wikipedia.org/wiki/File:Abies_firma.JPG,download_failed
83219,Abies fordei,多雄拉冷杉,,,,,,,no_image
83220,Abies forrestii,川滇冷杉,images/00/08/00083220.webp,https://thumb.wikimedia.org/wikipedia/commons/thumb/6/62/Abies_forrestii_var_georgei.jpg/960px-Abies_forrestii_var_georgei.jpg?utm_source=en.wikipedia.org&utm_campaign=api&utm_content=thumbnail,Ruff tuff cream puff,CC0,http://creativecommons.org/publicdomain/zero/1.0/deed.en,https://en.wikipedia.org/wiki/File:Abies_forrestii_var_georgei.jpg,ok
83222,Abies georgei,长苞冷杉,,,,,,,no_image
83225,Abies holophylla,杉松,,https://thumb.wikimedia.org/wikipedia/commons/thumb/9/9a/Abies_holophylla.jpg/960px-Abies_holophylla.jpg?utm_source=en.wikipedia.org&utm_campaign=api&utm_content=thumbnail,,,,https://en.wikipedia.org/wiki/Abies_holophylla,license_rejected
83226,Abies kawakamii,台湾冷杉,,,,,,,no_image
83227,Abies nephrolepis,臭冷杉,,,,,,,no_image
83228,Abies nukiangensis,怒江冷杉,,,,,,,no_image
83229,Abies recurvata,紫果冷杉,images/00/08/00083229.webp,https://thumb.wikimedia.org/wikipedia/commons/thumb/5/55/Abies_recurvata_bud_foliage.JPG/960px-Abies_recurvata_bud_foliage.JPG?utm_source=en.wikipedia.org&utm_campaign=api&utm_content=thumbnail,Tilo Podner,CC BY-SA 3.0,https://creativecommons.org/licenses/by-sa/3.0,https://en.wikipedia.org/wiki/File:Abies_recurvata_bud_foliage.JPG,ok
83230,Abies sibirica,新疆冷杉,images/00/08/00083230.webp,https://thumb.wikimedia.org/wikipedia/commons/thumb/4/4c/Abies_sibirica_HDR.jpg/960px-Abies_sibirica_HDR.jpg?utm_source=en.wikipedia.org&utm_campaign=api&utm_content=thumbnail,Crusier,CC BY-SA 3.0,https://creativecommons.org/licenses/by-sa/3.0,https://en.wikipedia.org/wiki/File:Abies_sibirica_HDR.jpg,ok
83232,Abies spectabilis,西藏冷杉,images/00/08/00083232.webp,https://thumb.wikimedia.org/wikipedia/commons/thumb/5/5c/Abies_spectabilis_Namche_Bazaar.jpg/960px-Abies_spectabilis_Namche_Bazaar.jpg?utm_source=en.wikipedia.org&utm_campaign=api&utm_content=thumbnail,Mckaysavage on Flickr,CC BY 2.0,https://creativecommons.org/licenses/by/2.0,https://en.wikipedia.org/wiki/File:Abies_spectabilis_Namche_Bazaar.jpg,ok
83233,Abies squamata,鳞皮冷杉,images/00/08/00083233.webp,https://thumb.wikimedia.org/wikipedia/commons/thumb/b/b2/Abies_squamata_with_Pica_bottanensis%2C_Litang_County%2C_Ganzi_Tibetan_AP%2C_Sichuan%2C_China_1.jpg/960px-Abies_squamata_with_Pica_bottanensis%2C_Litang_County%2C_Ganzi_Tibetan_AP%2C_Sichuan%2C_China_1.jpg?utm_source=en.wikipedia.org&utm_campaign=api&utm_content=thumbnail,wangqg,CC BY 4.0,https://creativecommons.org/licenses/by/4.0,"https://en.wikipedia.org/wiki/File:Abies_squamata_with_Pica_bottanensis,_Litang_County,_Ganzi_Tibetan_AP,_Sichuan,_China_1.jpg",ok
83234,Abies yuanbaoshanensis,元宝山冷杉,,,,,,,no_image
83235,Abies ziyuanensis,资源冷杉,,,,,,,no_image
83236,Abietinella abietina,山羽藓,images/00/08/00083236.webp,https://thumb.wikimedia.org/wikipedia/commons/thumb/7/74/Abietinella_abietina_0293.JPG/960px-Abietinella_abietina_0293.JPG?utm_source=en.wikipedia.org&utm_campaign=api&utm_content=thumbnail,HermannSchachner,Public domain,,https://en.wikipedia.org/wiki/File:Abietinella_abietina_0293.JPG,ok
83237,Abietinella histricosa,美丽山羽藓,,,,,,,no_image
83238,Abildgaardia longistipitata,长柄果棒拂草,,,,,,,no_image
83239,Abildgaardia ovata,棒拂草,,https://upload.wikimedia.org/wikipedia/commons/a/ab/Abildgaardia_ovata_flowerhead2_DC_-_Flickr_-_Macleay_Grass_Man.jpg?utm_source=en.wikipedia.org&utm_campaign=api&utm_content=thumbnail_unscaled,"Harry Rose from Dungog, Australia",CC BY 2.0,https://creativecommons.org/licenses/by/2.0,https://en.wikipedia.org/wiki/File:Abildgaardia_ovata_flowerhead2_DC_-_Flickr_-_Macleay_Grass_Man.jpg,download_failed
19442,Abiomyia annulipes,环足肾角水虻,,,,,,,no_image
19443,Abiomyia brunnipes,褐足肾角水虻,,,,,,,no_image
19444,Abiromorphus anceyi,皱背肖叶甲,,,,,,,no_image
19445,Abirus fortunei,桑皱鞘肖叶甲,images/00/01/00019445.webp,https://thumb.wikimedia.org/wikipedia/commons/thumb/4/41/Abirus_fortunei_53025432.jpg/960px-Abirus_fortunei_53025432.jpg?utm_source=en.wikipedia.org&utm_campaign=api&utm_content=thumbnail,portioid,CC BY-SA 4.0,https://creativecommons.org/licenses/by-sa/4.0,https://en.wikipedia.org/wiki/File:Abirus_fortunei_53025432.jpg,ok
19446,Abirus laticornis,宽角皱鞘肖叶甲,,,,,,,no_image
